Russell1000_Tickers,Ticker
0,MMM
1,AOS
2,AAON
3,ABT
4,ABBV
5,ACN
6,AYI
7,ADBE
8,ADT
9,WMS
10,AEIS
11,AMD
12,ACM
13,AVAV
14,AES
15,AMG
16,AFRM
17,AFL
18,AGCO
19,A
20,ADC
21,AGNC
22,APD
23,ABNB
24,AKAM
25,ALK
26,ALB
27,ACI
28,AA
29,ARE
30,ALGN
31,ALLE
32,ALGM
33,LNT
34,ALSN
35,ALL
36,ALLY
37,ALM
38,ALNY
39,GOOGL
40,GOOG
41,MO
42,AMZN
43,AMCR
44,DOX
45,AMTM
46,AS
47,AEE
48,AAL
49,AEP
50,AXP
51,AFG
52,AHR
53,AMH
54,AIG
55,AMT
56,AWK
57,COLD
58,AMP
59,AME
60,AMGN
61,AMKR
62,APH
63,ADI
64,AU
65,NLY
66,AM
67,AR
68,AON
69,APA
70,APG
71,APO
72,APPF
73,AAPL
74,APLD
75,AIT
76,AMAT
77,AAOI
78,APP
79,ATR
80,APTV
81,ARMK
82,ACGL
83,ADM
84,ARES
85,ANET
86,AWI
87,ARW
88,ARWR
89,AJG
90,ASND
91,ASH
92,AIZ
93,AGO
94,ALAB
95,ASTS
96,T
97,ATI
98,TEAM
99,ATO
100,AUGO
101,AUR
102,ADSK
103,ADP
104,AN
105,AZO
106,AVB
107,AVTR
108,AVY
109,CAR
110,AVT
111,AXTA
112,AXS
113,AXON
114,AXSM
115,BKR
116,BALL
117,BAC
118,OZK
119,BBWI
120,BAX
121,BDX
122,BSY
123,BRK-B
124,BBY
125,BILL
126,BIO
127,TECH
128,BIIB
129,BMRN
130,BIRK
131,BMNR
132,BJ
133,BLK
134,BX
135,HRB
136,XYZ
137,BE
138,OWL
139,BNY
140,BA
141,BOKF
142,BKNG
143,BAH
144,BWA
145,SAM
146,BSX
147,BYD
148,BBIO
149,BFAM
150,BHF
151,BMY
152,BRX
153,AVGO
154,BR
155,BAM
156,BEPC
157,BRO
158,BF-A
159,BF-B
160,BRKR
161,BC
162,BLDR
163,BLSH
164,BG
165,BURL
166,BWXT
167,BXP
168,CHRW
169,CACI
170,CDNS
171,CZR
172,CPT
173,CPB
174,COF
175,CAH
176,CAI
177,CSL
178,CG
179,KMX
180,CCL
181,CRS
182,CARR
183,CVNA
184,CASY
185,CAT
186,CAVA
187,CBOE
188,CBRE
189,CCC
190,CDW
191,CE
192,CELH
193,COR
194,CNC
195,CNP
196,CBC
197,CF
198,CRL
199,SCHW
200,CHTR
201,CHE
202,LNG
203,CVX
204,CHWY
205,CHYM
206,CMG
207,CHH
208,CHRD
209,CB
210,CHD
211,CHDN
212,CIEN
213,CI
214,CINF
215,CTAS
216,CRCL
217,CRUS
218,CSCO
219,C
220,CFG
221,CLH
222,CWEN
223,CLF
224,CLX
225,NET
226,CME
227,CMS
228,CNA
229,CNH
230,KO
231,COKE
232,CDE
233,CGNX
234,CTSH
235,COHR
236,COIN
237,CL
238,COLB
239,COLM
240,CMCSA
241,FIX
242,CBSH
243,CAG
244,COP
245,ED
246,STZ
247,CEG
248,COO
249,CPRT
250,CORT
251,CNM
252,CRBG
253,CRWV
254,GLW
255,CPAY
256,CTVA
257,CSGP
258,COST
259,CPNG
260,CUZ
261,CR
262,CACC
263,CRDO
264,CRH
265,CROX
266,CRWD
267,CCI
268,CCK
269,CSX
270,CUBE
271,CMI
272,CW
273,CVS
274,DHI
275,DHR
276,DRI
277,DAR
278,DDOG
279,DVA
280,DECK
281,DE
282,DAL
283,DELL
284,XRAY
285,DVN
286,DXCM
287,FANG
288,DKS
289,DLR
290,DOCN
291,DDS
292,DOCU
293,DLB
294,DG
295,DLTR
296,D
297,DPZ
298,DCI
299,DASH
300,DOV
301,DOW
302,DOCS
303,DKNG
304,DBX
305,DTM
306,DTE
307,DUK
308,DUOL
309,DD
310,BROS
311,DT
312,ELF
313,EXP
314,EWBC
315,EGP
316,EMN
317,ETN
318,EBAY
319,ECHO
320,ECL
321,EIX
322,EW
323,ELAN
324,ESTC
325,EA
326,ESI
327,ELV
328,EME
329,EMR
330,EHC
331,ENPH
332,ENTG
333,ETR
334,NVST
335,EOG
336,EPAM
337,EPR
338,EQT
339,EFX
340,EQIX
341,EQH
342,ELS
343,EQR
344,ESAB
345,WTRG
346,ESS
347,EL
348,ETSY
349,EEFT
350,EVR
351,EG
352,EVRG
353,P
354,ES
355,ECG
356,EXEL
357,EXC
358,EXLS
359,EXE
360,EXPE
361,EXPD
362,EXR
363,XOM
364,FFIV
365,FDS
366,FICO
367,FAST
368,FRT
369,FDX
370,FDXF
371,FERG
372,FRMI
373,FNF
374,FIS
375,FITB
376,FIGR
377,FAF
378,FCNCA
379,FHB
380,FHN
381,FR
382,FSLR
383,FE
384,FISV
385,FIVE
386,FLEX
387,FND
388,FLO
389,FLS
390,FLUT
391,FMC
392,FNB
393,F
394,FTNT
395,FTV
396,FBIN
397,FOXA
398,FOX
399,BEN
400,FRHC
401,FCX
402,FRPT
403,CFR
404,FTAI
405,FCN
406,GME
407,GLPI
408,GAP
409,GRMN
410,IT
411,GTES
412,GLIBA
413,GLIBK
414,GE
415,GEHC
416,GEV
417,GEN
418,GNRC
419,GD
420,GIS
421,GM
422,G
423,GNTX
424,GPC
425,GILD
426,GTLB
427,GPN
428,GFS
429,GLOB
430,GL
431,GMED
432,GDDY
433,GS
434,GGG
435,LOPE
436,GPK
437,GWRE
438,GXO
439,HAL
440,HALO
441,HLNE
442,THG
443,HOG
444,HIG
445,HAS
446,HAYW
447,HCA
448,HR
449,DOC
450,HEI-A
451,HEI
452,JKHY
453,HSY
454,HPE
455,HXL
456,DINO
457,HIW
458,HLT
459,HD
460,HONA
461,HON
462,HRL
463,HST
464,HLI
465,HHH
466,HWM
467,HPQ
468,HUBB
469,HUBS
470,HUM
471,HBAN
472,HII
473,HUN
474,H
475,IBM
476,IDA
477,IEX
478,IDXX
479,ITW
480,ILMN
481,INCY
482,IR
483,INGM
484,INGR
485,INSM
486,INSP
487,PODD
488,INTC
489,IBKR
490,ICE
491,IFF
492,IP
493,INTU
494,ISRG
495,IVZ
496,INVH
497,IONS
498,IPGP
499,IQV
500,IRDM
501,IRM
502,ITT
503,JBHT
504,JBL
505,J
506,JHX
507,JAN
508,JAZZ
509,JEF
510,JNJ
511,JCI
512,JLL
513,JPM
514,KRMN
515,KBR
516,KMPR
517,KVUE
518,KDP
519,KEY
520,KEYS
521,KRC
522,KMB
523,KIM
524,KMI
525,KNSL
526,KEX
527,KKR
528,KLAC
529,KNX
530,KHC
531,KR
532,KD
533,LHX
534,LH
535,LRCX
536,LAMR
537,LW
538,LSTR
539,LVS
540,LSCC
541,LAZ
542,LEA
543,LDOS
544,LEN
545,LEN-B
546,LII
547,DRS
548,LBRDA
549,LBRDK
550,LBTYA
551,LBTYK
552,FWONA
553,FWONK
554,LLYVA
555,LLYVK
556,LLY
557,LECO
558,LNC
559,LIN
560,LINE
561,LAD
562,LFUS
563,LYV
564,LKQ
565,LOAR
566,LMT
567,L
568,LPX
569,LOW
570,LPLA
571,LCID
572,LULU
573,LITE
574,LYFT
575,LYB
576,MTB
577,MTSI
578,M
579,MSGS
580,MANH
581,MAN
582,CART
583,MPC
584,MKL
585,MKTX
586,MAR
587,MRSH
588,MLM
589,MRVL
590,MAS
591,MASI
592,MTZ
593,MA
594,MTDR
595,MTCH
596,MAT
597,MKC
598,MCD
599,MCK
600,MDU
601,MPT
602,MDLN
603,MEDP
604,MDT
605,MRK
606,META
607,MET
608,MTD
609,MTG
610,MGM
611,MCHP
612,MU
613,MSFT
614,MSTR
615,MAA
616,MIDD
617,TIGO
618,MRP
619,MKSI
620,MRNA
621,MHK
622,MOH
623,TAP
624,MDLZ
625,MDB
626,MPWR
627,MNST
628,MCO
629,MS
630,MORN
631,MOS
632,MSI
633,MP
634,MSA
635,MSM
636,MSCI
637,MLI
638,MUSA
639,NDAQ
640,NTRA
641,NFG
642,NCNO
643,NTAP
644,NFLX
645,NBIX
646,NYT
647,NWL
648,NEU
649,NEM
650,NWSA
651,NWS
652,NXST
653,NEE
654,NIQ
655,NKE
656,NI
657,NNN
658,NDSN
659,NSC
660,NTRS
661,NOC
662,NCLH
663,NOV
664,NRG
665,NU
666,NUE
667,NTNX
668,NVT
669,NVDA
670,NVR
671,ORLY
672,OXY
673,OGE
674,OKTA
675,ODFL
676,ORI
677,OLN
678,OLLI
679,OHI
680,OMC
681,ONON
682,ON
683,OMF
684,OKE
685,ONTO
686,ORCL
687,OGN
688,OSK
689,OTIS
690,OVV
691,OC
692,PCAR
693,PKG
694,PLTR
695,PANW
696,PK
697,PH
698,PSN
699,PAYX
700,PAYC
701,PCTY
702,PYPL
703,PEGA
704,PENN
705,PAG
706,PNR
707,PEN
708,PPLI
709,PEP
710,PFGC
711,PR
712,PRGO
713,PFE
714,PCG
715,PM
716,PSX
717,PPC
718,PNFP
719,PNW
720,PINS
721,PLNT
722,PNC
723,POOL
724,BPOP
725,POST
726,PPG
727,PPL
728,TROW
729,PRI
730,PRMB
731,PFG
732,PCOR
733,PG
734,PGR
735,PLD
736,PB
737,PRU
738,PTC
739,PSA
740,PEG
741,PHM
742,PVH
743,QGEN
744,Q
745,QRVO
746,QCOM
747,PWR
748,QS
749,DGX
750,QXO
751,RAL
752,RL
753,RRC
754,RJF
755,RYN
756,RBA
757,RBC
758,O
759,RDDT
760,RRX
761,REG
762,REGN
763,RF
764,RGA
765,RS
766,RNR
767,RGEN
768,RSG
769,RMD
770,QSR
771,RVMD
772,RVTY
773,REXR
774,REYN
775,RH
776,RNG
777,RITM
778,RIVN
779,RLI
780,RHI
781,HOOD
782,RBLX
783,RKT
784,RKLB
785,ROK
786,ROIV
787,ROKU
788,ROL
789,ROP
790,ROST
791,RCL
792,RGLD
793,RPRX
794,RPM
795,RTX
796,RBRK
797,RYAN
798,R
799,SPGI
800,SAIA
801,SAIL
802,SAIC
803,CRM
804,SLM
805,IOT
806,SNDK
807,SRPT
808,SBAC
809,HSIC
810,SLB
811,SNDR
812,SMG
813,SEB
814,SEIC
815,SRE
816,ST
817,S
818,SCI
819,NOW
820,SN
821,SHW
822,FOUR
823,SLGN
824,SPG
825,SSD
826,SIRI
827,SITE
828,SWKS
829,SFD
830,SJM
831,SW
832,SNA
833,SNOW
834,SOFI
835,SOLS
836,MWH
837,SOLV
838,SGI
839,SON
840,SHC
841,SO
842,SCCO
843,SSB
844,LUV
845,SPCX
846,SPOT
847,SFM
848,SSNC
849,STAG
850,SARO
851,SWK
852,SBUX
853,STWD
854,STT
855,STLD
856,STE
857,SF
858,SYK
859,SMMT
860,SUI
861,SMCI
862,SYF
863,SNPS
864,SYY
865,TMUS
866,TTWO
867,TLN
868,TPR
869,TRGP
870,TGT
871,SNX
872,FTI
873,TDY
874,TFX
875,TEM
876,THC
877,TDC
878,TER
879,TSLA
880,TTEK
881,TXN
882,TPL
883,TXRH
884,TXT
885,TMO
886,TFSL
887,THO
888,TKR
889,TJX
890,TKO
891,TOST
892,TOL
893,TTC
894,TPG
895,TSCO
896,TTD
897,TW
898,TT
899,TDG
900,TRU
901,TNL
902,TRV
903,TREX
904,TRMB
905,TFC
906,TWLO
907,TYL
908,TSN
909,UHAL
910,UHAL-B
911,USB
912,UBER
913,UI
914,UDR
915,UGI
916,PATH
917,ULTA
918,RARE
919,UAA
920,UA
921,UNP
922,UAL
923,UPS
924,URI
925,UTHR
926,UWMC
927,UNH
928,U
929,OLED
930,UHS
931,UNM
932,USFD
933,MTN
934,VLO
935,VMI
936,VVV
937,VEEV
938,VTR
939,VLTO
940,VRSN
941,VRSK
942,VZ
943,VSNT
944,VGNT
945,VRTX
946,VRT
947,VFC
948,VTRS
949,VICI
950,VIK
951,VKTX
952,VNOM
953,VIRT
954,V
955,VST
956,VNT
957,VNO
958,VOYA
959,VMC
960,WPC
961,WRB
962,GWW
963,WAB
964,WMT
965,DIS
966,WBD
967,WM
968,WAT
969,WSO
970,W
971,WFRD
972,WBS
973,WEC
974,WFC
975,WELL
976,WEN
977,WCC
978,WST
979,WAL
980,WDC
981,WU
982,WLK
983,WEX
984,WY
985,WHR
986,WTM
987,WMB
988,WSM
989,WTW
990,WSC
991,WING
992,WTFC
993,WWD
994,WDAY
995,WH
996,WYNN
997,XE
998,XEL
999,XP
1000,XPO
1001,XYL
1002,YETI
1003,YUM
1004,ZBRA
1005,ZG
1006,Z
1007,ZBH
1008,ZION
1009,ZTS
1010,ZM
1011,GTM
1012,ZS
